IPERIOD,EIND,E,CO2PPM,TATM,Y,DAMFRAC,CPC,CPRICE,MIUopt,RI,SOCCC,L,AL,YGROSS,K,Sopt,I,YNET,CCA,CCATOT,ML,MU,FORC,TOCEAN,DAMAGES,ABATECOST,MCABATE,C,PERIODU,CEMUTOTPER,MAT
1,34.60450721437209,36.90550721437209,418.4656574076175,1.016341648443498,123.39092887618791,0.0024377628174115985,11.996454091798531,22.732138003240895,0.13869014803053034,0.05593808866311408,-999.0,7853.090847672712,5.535714285714286,123.74129840305221,256.6700661912618,0.23649781478377793,29.181685043359007,123.43964646682701,448.7457509874452,552.2918502782254,1740.6706976744188,471.2893023255814,2.7387310902097375,0.02788,0.3016519362251939,0.04871759063910594,22.732138003240895,94.2092438328289,0.03411120022079564,248.66084829178726
2,36.742767825656145,38.77915282565615,435.24862673536694,1.1854910058397605,144.23263772095157,0.0033167178628276425,13.349494607936508,27.024138216119447,0.15698655452446514,0.05597141965471829,-999.0,8264.920660350976,5.978890926029328,144.7839630803398,297.46953260207323,0.23503781436875695,33.90012393057319,144.30375552374025,495.94229656078414,602.6266937239047,1741.4194378150355,485.12768096253797,2.976984908244304,0.052591541211087445,0.4802075565995409,0.07111780278866817,27.024138216119447,110.33251379037839,0.04647279691197937,330.96119590087665
3,38.66319634611407,40.46539707111407,452.4907656243825,1.3568679832465855,167.48657294954825,0.004344974108544789,14.856407453937148,32.02280422578975,0.17733798308250642,0.05547670396814615,-999.0,8638.974959558942,6.444808261287906,168.32057269293128,345.1534039590642,0.23370494886041537,39.1424409659804,167.58922416264505,546.0551823022682,655.5169730824101,1742.263949614742,500.4476926877339,3.2127283994315285,0.08091402782680428,0.7313485302862175,0.10265121309679566,32.02280422578975,128.34413198356785,0.0577695978124581,399.181977679658
4,40.29794120788365,41.89288884950865,470.1533147116602,1.5299208862706417,193.1388809318936,0.005523952687063264,16.512496846947766,37.75484818891665,0.19969616975347113,0.054681444064564745,-999.0,8976.55691758462,6.9336925573668475,194.3585230853036,399.52183833368986,0.23254516603349393,44.91351313383041,193.2848957994529,598.7873104339022,710.7070945651079,1743.214464188539,517.066070040733,3.4455059962249184,0.11281287671229881,1.0736272858507103,0.146014867559298,37.75484818891665,148.2253677980632,0.06796796484335589,452.9947930709946
5,41.59544691967691,43.00697558251503,488.13961408073754,1.704066794786158,221.18263860621974,0.006853070992978938,18.315845512772757,44.25166276475332,0.2240473911556284,0.05372335851215511,-999.0,9279.54298469984,7.44571696954631,222.9147010412473,460.48121598681263,0.231573161402203,51.21996286932326,221.38705076963296,653.7490414866622,767.8441497335594,1744.2799147894316,534.8268569521572,3.6743063430379768,0.1482405769512574,1.5276502716143436,0.20441216341321575,44.25166276475332,169.96267573689647,0.0771182372581624,493.2108542305262
6,42.51746841244322,43.76667127905496,506.3152569086682,1.8786712909914598,251.61678322693265,0.008329397734245424,20.26629897431091,51.54775949770605,0.25040161823173307,0.05268497246363242,-999.0,9550.179527637187,7.981000815484784,254.0141549809921,528.0093675746693,0.23078742569060212,58.06998966149406,251.89837005402714,710.4804202641812,826.5006903534654,1745.4681298896842,553.5810632483182,3.897877682123369,0.1871362323971299,2.1157849269649414,0.2815868270944933,51.54775949770605,193.54679356543858,0.08530670926818702,521.2108615687685
7,43.036319369937594,44.141863906888986,524.5220110947611,2.0530496485820033,284.44482684166115,0.009947430348520744,22.36478173362714,59.68103385883175,0.27878912996266697,0.051615566745804406,-999.0,9790.919965599942,8.539609153763747,287.6884543117581,602.1341997666368,0.23017834272673382,65.47303883960633,284.8266934504183,768.4693297192321,886.1933680390287,1746.7858835607237,573.1756008464641,4.114915580085314,0.22942460886198815,2.861760861339806,0.38186660875712525,59.68103385883175,218.97178800205484,0.09263061908954474,538.6002968267487
8,43.1332104773596,44.11161739256158,542.5872640366456,2.2264781925594233,319.67373803888773,0.011699004134984717,24.612847678192658,68.68981946045679,0.30924876568556914,0.05054441685022605,-999.0,10004.298976254453,9.121552661859619,323.97408478074095,682.9194178182331,0.22973251309215878,73.43945120923811,320.18391062326316,827.1658918713564,946.3977650751565,1748.2388683325948,593.448024344507,4.3241657288946795,0.2750152348549885,3.7901741574777774,0.5101725843754193,68.68981946045679,246.23428682964962,0.09918589455994416,547.0095224298366
9,42.79631212309869,43.66220224305244,560.3307628031127,2.398209464898371,357.31302847545055,0.013573324384566389,27.012381973569187,78.61419996994633,0.34183024021835995,0.04948886174758491,-999.0,10192.8388950882,9.72678780501124,362.91099481837165,770.4543430736791,0.2294351571675414,81.98017084627519,357.9850861629762,885.9946022878315,1006.5609093639748,1749.8316312773097,614.2247533160353,4.524476383875399,0.3238018087975994,4.9259086553954505,0.6720576875256516,78.61419996994633,275.33285762917535,0.1050616420037202,547.9834506783286
10,42.019626950922834,42.78593970708191,577.5691208690936,2.5674871985853676,397.37412776546864,0.015557097615163384,29.565412347387202,89.49473257691524,0.3765892274382407,0.04845911917315485,-999.0,10358.982970443227,10.355217285293657,404.5413319926407,864.8464392729527,0.22927140540595045,91.10652474475272,398.247843001463,944.36382231388,1066.1111033670468,1751.5674977419064,635.3213781739714,4.714815853176097,0.3756620002001187,6.29348899117773,0.8737152359943561,89.49473257691524,306.2676030207159,0.1103381210826811,542.9259386462428
11,40.802160659746896,41.480347448947676,594.119072079519,2.7335593049120104,439.8700169149737,0.01763473767739164,32.27399660621376,101.37112335256559,0.4135833037962915,0.04746117503452648,-999.0,10505.05028880088,11.006690758294056,448.9083669135478,966.2157976500495,0.22922694357137682,100.83005954610924,440.99198562184114,1001.6737335944621,1124.4661766172949,1753.448497334293,656.5440557536267,4.894271846281204,0.4304576301597499,7.916381291706692,1.1219687068674435,101.37112335256559,339.03995736886446,0.11508643948048101,533.0770260731601
12,39.146910391916094,39.74710570035878,609.7999155141362,2.8956881481913936,484.81503772089087,0.0197886232497196,35.140166025599044,114.28314402611514,0.452874183070908,0.04649853651841052,-999.0,10633.207677451763,11.681005803119218,496.05557895740816,1074.691064084924,0.22928817363655682,111.16235455056147,486.2393219944985,1057.3231616628566,1181.040573028844,1755.4752997866135,677.6914531971205,5.062041032815312,0.48803517202855645,9.816256962909684,1.4242842736075931,114.28314402611514,373.6526831703294,0.11936904620065018,519.509489543374
13,37.060366737262044,37.591539585233825,624.4351838474306,3.0531577657552305,532.2248542133989,0.021999382728515874,38.16591293473111,128.26954695355266,0.4945247613384786,0.04557329924808102,-999.0,10745.454538260821,12.377909130047854,546.0258289574662,1190.4060991843141,0.2294420692594382,122.11477186202507,534.0135977665757,1110.7150198078596,1235.2510281575385,1757.6471645197712,698.5569220427404,5.2174117088339935,0.5482264964326274,12.012231190890445,1.7887435531767935,128.26954695355266,410.1100823513738,0.1232405513227521,503.1363297609016
14,34.55188708917052,35.02197505962555,637.8539800839534,3.2052782817547776,582.1164343367996,0.02424618891783371,41.35321525234822,143.36839307261263,0.5385999610397806,0.044686889941128315,-999.0,10843.617248100269,13.097098008973768,598.8605498047707,1313.4967568174711,0.2296756942008592,133.69799616203332,584.3404637787664,1161.2610737321122,1286.521540412358,1759.9619055004716,718.9306573330662,5.3597450181346895,0.6108497781656925,14.520086026004234,2.224029441966893,143.36839307261263,448.41843817476627,0.12674863456389487,484.7239870151406
15,31.633221735950958,32.04924958980366,649.8919401585284,3.3513877501960545,634.5079365223986,0.026507047651107448,44.70410419144711,159.6170436460526,0.5851666761320922,0.04384059117936255,-999.0,10929.350409038889,13.83822190086184,654.5988175543736,1444.0966807433153,0.22997524332264674,145.9211170918891,637.2473355051012,1208.3858515405827,1334.2874638433805,1762.4158712635117,738.6017600422036,5.488454922566059,0.6757104907554197,17.35148204927237,2.739398982702623,159.6170436460526,488.58681943050954,0.12993493794417668,464.9081128501076
16,28.317837751376445,28.68602240203608,660.3919564832294,3.4908517658193405,689.4182118535067,0.02875906868018066,48.22078300046111,177.05374432355646,0.6342972950335444,0.04303617065488005,-999.0,11004.142808573542,14.600884273750275,713.2760622901574,1582.330234471566,0.23032439039910121,158.78982937519734,692.7629070268259,1251.5299073724852,1377.9989335512414,1765.003939400328,757.3601268416352,5.602988254822619,0.7426024222414356,20.513155263331456,3.344695173319188,177.05374432355646,530.6283824783094,0.13283589220592845,444.20994266491647
17,24.620284489356184,24.94612790518996,669.204546900919,3.6230610290418817,746.8655403608004,0.030978708079582366,51.90583991458846,195.71942888739795,0.6860732549587218,0.042282551634855725,-999.0,11069.326442880916,15.384644584369026,774.9220034635063,1728.2993270291017,0.23070130397375882,172.30285405430266,750.9159209337652,1290.152162898094,1417.1233503570734,1767.7195242839816,774.9981411741344,5.70280377514677,0.8113086558308832,24.006082529741075,4.050380572964755,195.71942888739795,574.5626863064978,0.13548347941933608,423.0521880388212
18,20.554094413497854,20.842465836510748,676.1879209576487,3.74447115728903,806.9083667432658,0.0330897116247359,55.76347178796954,215.66865852370162,0.7406078151756079,0.04157873863687268,-999.0,11126.087363263761,16.189020406192903,839.5569853615742,1882.0577398889277,0.23110320283834002,186.4791079514226,811.7762868234271,1323.7313834236754,1451.1469836156523,1770.5545966203426,791.312115355518,5.757938594881577,0.8816024651611581,27.780698538147114,4.867920080161289,215.66865852370162,620.4292587918432,0.1379064402941052,401.7752793424008
19,16.13433364982826,16.38954235919467,681.2068199382404,3.854886557376761,869.5826509929196,0.03506995487377597,59.798531394980905,236.95664059201079,0.798015928855278,0.04092778834276487,-999.0,11175.477433974342,17.013489684694793,907.207922010166,2043.7318145841261,0.23149669852962987,201.30551280350426,875.3921811241374,1351.7647909707266,1479.5736964314062,1773.499713065341,806.1034568976131,5.797213036274416,0.9531741824643549,31.815740886028593,5.809530131217801,236.95664059201079,668.2771381894154,0.14012981750021458,380.6471904888101
20,11.376738262435925,11.6025979702252,684.1332305400856,3.954068914389692,934.9129193189992,0.03689779991219319,64.01731244874387,259.6393898331038,0.8584148761135344,0.040338396716266385,-999.0,11218.426348174595,17.857493100693688,977.8826614147317,2213.330763211302,0.23182845174774228,216.7394146046855,941.800942636248,1373.7701560141368,1501.9271366376183,1776.5440539630868,819.1793016241496,5.819979775973608,1.0257169918371651,36.08171877848373,6.888023317248743,259.6393898331038,718.1735047143137,0.1421757899988253,359.8763990091657
21,6.297626142169178,6.497511983562686,684.8465127454613,4.041734922749718,1002.9005214025843,0.038552065998428225,68.4289002940174,283.77551667842755,0.9219281268491203,0.03982864984265932,-999.0,11255.753448762487,18.720436522987804,1051.556940543296,2390.6467553920693,0.23200874459389242,232.68169092317373,1011.0172479703656,1389.2867112002195,1517.751738342781,1779.67546546051,830.353200734439,5.8255141709744835,1.0989257899009783,40.53969257293041,8.116726567781216,283.77551667842755,770.2188304794106,0.14406443749918513,339.62286652224657
22,0.9141017559977851,1.0910007256310392,683.2335144104835,4.1175519198431205,1073.5005687368516,0.040011991797744895,73.04767828691517,309.42820534764644,0.9886891991122853,0.039425119886308334,-999.0,11288.179052678744,19.60169353190786,1128.149348839783,2575.061457207332,0.2318818490656051,248.92529685167986,1083.0098463473744,1397.8759448911212,1526.6135932030681,1782.8805063697437,839.4457011389951,5.8129905947578075,1.1724960182221968,45.13950249240864,9.509277610522723,309.42820534764644,824.5752718851718,0.14581457889147983,320.00752441026646
23,1.131941333294849e-08,0.1565555994448432,679.1888524139508,4.181131483343533,1148.1077900459695,0.04125719073517532,77.89645191166412,307.2336995655812,0.9999999998599193,0.03897793068650168,-999.0,11316.335090616962,20.5006079960022,1207.47337901779,2765.1745241247568,0.23221289861013278,266.6054378434483,1157.6564195120063,1399.1226739636768,1528.10159201053,1786.1444990241982,846.2848373446171,5.781456708925008,1.24612241576272,49.81695950578361,9.548629466036807,307.2336995655812,881.5023522025213,0.14744433036520047,301.11959505905924
24,4.3499007992276415e-09,0.13855169984090626,675.6605337160023,4.234431943852032,1226.2667624862968,0.04231577677359021,82.97052531601636,299.55285711774087,0.9999999999460877,0.03847774454022352,-999.0,11340.77495699495,21.416496684757064,1290.1566433154537,2965.8350939676693,0.2326709942257701,285.3167068137029,1235.5626627939525,1399.1226739791152,1528.3151157413604,1789.4515835033194,850.706595422957,5.75379471290271,1.3194976424522402,54.59398052150119,9.295900307655765,299.55285711774087,940.9500556725939,0.14896025757140996,283.00106976730063
25,4.54948711640076e-09,0.12261825505902695,672.9509697625489,4.279403991561906,1307.770662472975,0.043219384514270494,88.2601760858541,292.06403568856825,0.9999999999434575,0.037936771236661546,-999.0,11361.982524452027,22.34865190104448,1376.2915407158116,3177.879498705484,0.23319079784506486,304.96008418044204,1316.809067413877,1399.122673985048,1528.5040842354153,1792.7847750256824,853.3337436155049,5.7324535109266765,1.3923709999872351,59.48247330193443,9.038404940902076,292.06403568856825,1002.8105782925329,0.15036815442552792,265.67745670551534
26,2.818997140063333e-09,0.10851715451993989,670.7980979294616,4.317545293200037,1392.59096381862,0.04399322576684774,93.75493339930236,284.7624348060888,0.9999999999648235,0.03735619501233315,-999.0,11380.380318589312,23.296344117860993,1465.8557876727093,3401.3064860928116,0.2338261366407653,325.6241649905476,1401.3680630639835,1399.1226739912531,1528.6713213536082,1796.1314730722322,854.7398996916235,5.715435605068743,1.4645468247766018,64.48772460872593,8.777099245363605,284.7624348060888,1066.9667988280723,0.15167433493772384,249.16290335658033
27,2.8043688710938083e-09,0.0960376820597032,669.0239342471808,4.350022034100047,1480.750731156952,0.04465755240528795,99.44128582264982,277.6433739359366,0.9999999999648235,0.03672417267660923,-999.0,11396.336876618581,24.25882460485651,1558.8797497859764,3636.5582919256826,0.23466767982374737,347.48433847791944,1489.263995666367,1399.122673995098,1528.8193262015625,1799.483110909526,855.3152353455421,5.701370189469986,1.5358717864871876,69.6157541196094,8.513264509415047,277.6433739359366,1133.2663926790326,0.15288485660190887,233.46084071664077
28,2.6397168113753562e-09,0.08499334878068769,667.5076210194852,4.377755295244311,1572.3535179232294,0.045228789763093476,105.29893568260339,270.7022895883424,0.9999999999666803,0.036235328558555185,-999.0,11410.173331525233,25.23532803113911,1655.4772527135206,3884.772998188794,0.23587215338790338,370.87441015959746,1580.602020092957,1399.122673998923,1528.950310492424,1802.8338655572402,855.325212163681,5.689319396136052,1.6062255426775092,74.8752326205634,8.248502169727534,270.7022895883424,1201.4791077636319,0.15400485022347377,218.56505454706345
29,-15.731584582431365,-15.656365471096606,666.1671115120339,4.401482674961634,1662.7989956447702,0.04572039738165031,111.35959345433902,353.3349017923332,1.1999999999329642,0.035894801991734344,-999.0,11422.169273990849,26.225075031864588,1755.907115729717,4148.291658498489,0.23504396499527425,390.8308689265065,1675.6263446332866,1399.1226740025231,1529.0662315900518,1806.1797807974997,854.9505032719204,5.678642970805495,1.6755137864916791,80.2807710964301,12.827348988516349,353.3349017923332,1271.9681267182636,0.155048461563029,204.474863658531
30,-15.580137038994618,-15.513568125463356,654.8734557423847,4.413654815121417,1759.394198388991,0.04597362323182494,117.6645141539507,344.50152925889466,1.1999999999577171,0.03551622797951131,-999.0,11432.567949731294,27.227274727165423,1857.160876748938,4403.6790860593055,0.23541435195767083,414.18664505183006,1771.7804623203967,1377.6666121061355,1507.7127598618786,1809.5181709206302,854.3141282099695,5.587832752843747,1.743663008703428,85.38041442854136,12.386263931405566,344.50152925889466,1345.207553337161,0.15602816412066595,191.17911743523032
31,-15.415852051994941,-15.356938563519774,644.9679163889117,4.416734132659064,1859.5242187749438,0.04603779534068565,124.20364342029413,335.8889910274223,1.1999999999577171,0.035112406678244126,-999.0,11441.580851653025,28.24112718303106,1961.7899692478595,4671.26168878631,0.23577976887045318,438.43819051176627,1871.4734841422166,1356.4171071429678,1486.5540471975805,1812.8472152886116,850.9251700005876,5.50688553540133,1.8104128038638776,90.31648510564295,11.94926536727274,335.8889910274223,1421.0860282631775,0.15694667410350643,178.64941652969958
32,-15.238909270937128,-15.186770833636606,636.0394872029659,4.41256854725082,1963.0621951485311,0.04595099639468182,130.96804371272938,327.49176625173675,1.1999999999577171,0.03469274201619748,-999.0,11449.391765481925,29.265825804808316,2069.683000424805,4950.52426717026,0.23614012590551473,463.5577539227303,1974.5790043341506,1335.3916679012943,1465.6089591404066,1816.14765951203,845.6971918860598,5.432850686086615,1.8755708370837572,95.10399609065448,11.516809185619401,327.49176625173675,1499.5044412258007,0.15780719808478014,166.8562446589795
33,-15.04973901568527,-15.003596498674309,627.8103593747128,4.402562379563285,2069.8922931359466,0.04574283099403242,137.94957557879238,319.30447208431787,1.199999999931585,0.03426417918398348,-999.0,11456.160325138086,30.30055965503806,2180.734772926212,5241.023844135018,0.23649531917378708,489.51983852054775,2080.9817907654387,1314.6075581482432,1444.8959601856377,1819.406672354087,839.2532223634133,5.363688261228076,1.9389957798379338,99.75298216077337,11.089497629492312,319.30447208431787,1580.372454615399,0.15861316627223315,155.76911281728212
34,-14.848949417384663,-14.808113289829961,620.0930511022743,4.387798028576726,2179.906380689655,0.04543654083341306,145.14067179053606,311.32186028220985,1.199999999931585,0.0338317678543972,-999.0,11462.025130744276,31.34451568837294,2294.844167304896,5542.371362326026,0.23684519560426365,516.3003531334238,2190.574386590827,1294.0814547444172,1424.4327898382915,1822.6158025767168,832.0187884137312,5.297998730537479,2.0005849448310675,104.2697807140687,10.668005901171737,311.32186028220985,1663.6060275562313,0.15936806005411885,145.35683566857955
35,-14.637270608633594,-14.601130635747683,612.7612881012365,4.369122469171748,2293.0012899272447,0.045050585515466576,152.53413734903668,303.53881377515467,1.199999999931585,0.033399182206469105,-999.0,11467.106478214737,32.396880897323044,2411.912385309885,5854.216631407015,0.23718961597290092,543.8760953832096,2303.254320139669,1273.8292051298718,1404.2362359787307,1825.769590012768,824.28510231033,5.234829219499343,2.060265271924709,108.65806517021595,10.253030212424092,303.53881377515467,1749.125194544035,0.1600752990399026,135.58784973323384
36,-14.415512915224301,-14.38352903922027,605.7302277048431,4.347208812573771,2409.076726788448,0.04459980972588098,160.12300409622748,295.9503434307758,1.199999999931585,0.03296910477992367,-999.0,11471.508745191126,33.45684436354579,2531.8416342373616,6176.236855595576,0.2375284600234112,572.2242849923001,2418.9219790943116,1253.8656609282439,1384.321982520264,1828.8646209807823,816.2519765281673,5.173536500908214,2.117986701855885,112.91965514304987,9.84525230586363,295.9503434307758,1836.852441796148,0.16073817286169248,126.43053130393315
37,-14.184535224427394,-14.156229494163826,598.9430310617099,4.322600269366178,2528.033668093081,0.04409630048938995,167.90043089766192,288.5515848450064,1.199999999931585,0.03254342163830945,-999.0,11475.322473890456,34.52359921032701,2654.5341178769318,6508.127525822133,0.2378615789918781,601.3220800372497,2537.4789837556928,1234.2045685725097,1364.7045124722279,1831.8988854880658,808.056970822721,5.11369100050198,2.173717254623832,117.05513412123886,9.445315662611762,288.5515848450064,1926.7115880558313,0.1613598029286708,117.85348716899902
38,-13.94522075979486,-13.920170188511603,592.3617483313944,4.2957417159727855,2649.773092844061,0.0435500166612232,175.85960205512828,281.3377952238812,1.199999999931585,0.03212351816398944,-999.0,11478.626187350132,35.59634445278772,2779.8912114102645,6849.59462290896,0.23818887024762905,631.1464593970928,2658.8269028369596,1214.8585030727452,1345.3970527147758,1834.8713394050867,799.7951893638201,5.055009957032406,2.2274393299923907,121.06430857330496,9.05380999289856,281.3377952238812,2018.6266334469683,0.16194312111709688,109.82580384834796
39,-13.698459518699789,-13.676289763114106,585.9611342822197,4.267002524736312,2774.1951655936105,0.04296925288881031,183.99368982216862,274.30435034328417,1.199999999931585,0.03171031144117973,-999.0,11481.487971688384,36.67428674319168,2907.8129792526,7200.349425866977,0.2385101946828012,661.6738290338179,2782.86642799373,1195.8388348242524,1326.4115505482296,1837.7816058612725,791.53272866583,4.997311081985205,2.2791468896419005,124.9465512588699,8.671262400119678,274.30435034328417,2112.5213365597924,0.16249086463834828,102.31725640560933
40,-13.445134496562437,-13.425514262869108,579.7244541991631,4.236693222808136,2901.1985551795174,0.04236098393548461,192.29578445891812,267.44674158598986,1.1999999999351962,0.03130447606663048,-999.0,11483.96685339781,37.756642009519815,3038.197733031109,7560.103477649281,0.23882548099583586,692.8801404051723,2909.4966876693525,1177.1557203688517,1307.7586730753517,1840.6297712138112,783.3158144173242,4.940480522821353,2.3288432805192607,128.70104536175657,8.298132489835266,267.44674158598986,2208.318414774345,0.16300557529337625,95.29847244768872
41,-13.186112277736838,-13.168748370918241,573.6406421981796,4.205077775333626,3030.680151498383,0.04173112266798732,200.75889280031444,260.76057303038345,1.1999999998893018,0.030906433304672517,-999.0,11486.113997381164,38.84263698621652,3170.9419293445517,7928.566204542985,0.23913464522068792,724.7406228059466,3038.61496271801,1158.818111944735,1289.4478243807675,1843.4162452731866,775.1770112254593,4.884450763857189,2.376539529076483,132.32696662654186,7.934811219626717,260.76057303038345,2305.9395286924364,0.16348960762502074,88.7410601398205
42,-12.922235478837589,-12.90686842130313,567.7023775688363,4.172382748855852,3162.5348080588833,0.0410847156149618,209.37590627137624,254.241558681432,1.1999999998208868,0.03051647545354616,-999.0,11487.973748430022,39.93151063669886,3305.9400357097666,8305.44217215032,0.23943764708295656,757.2298932595687,3170.116429502514,1140.833779869262,1271.487174665931,1846.1416652017135,767.1394452425973,4.829185401169382,2.4222529852329115,135.8236062072524,7.5816214436309,254.241558681432,2405.3049147993147,0.1639451371376268,82.61770019899994
43,-12.65431766931174,-12.640717823393745,561.9047849909213,4.138804235503038,3296.65532776161,0.040426093179570216,218.13961111432008,247.8855197370083,1.1999999998893018,0.030134730480478263,-999.0,11489.584536133172,41.02251546785188,3443.084607179247,8690.430014530886,0.23973444191420326,790.3218251844144,3303.8941480242747,1123.209345228185,1253.883698914017,1848.8068291112556,759.2196777721007,4.774668669236576,2.4660062293234852,139.19045915497216,7.2388202626647296,247.8855197370083,2506.3335025771958,0.16437417206957558,76.9022098212352
44,-12.383139349968818,-12.371103486331393,556.244558080594,4.104513156449314,3432.9324601065,0.039758986673458604,227.0426634744445,241.6883817435831,1.1999999998893018,0.02976134234849052,-999.0,11490.979660770285,42.114918737311214,3582.266341961431,9083.221145202415,0.24002506357756392,823.9898319945456,3439.839062210607,1105.950319492626,1236.6432217953677,1851.4126498734743,751.42966321023,4.720898242406957,2.507826179477974,142.42727975082383,6.9066021041069625,241.6883817435831,2608.9426281119545,0.1647785635852105,71.56958085630201
45,-12.109445785224619,-12.098794045905496,550.7193705679261,4.069659381243004,3571.255145311407,0.03908662085124049,236.07765556185763,235.64617220182944,1.1999999998951452,0.029396257833952808,-999.0,11492.187975579365,43.20800355485918,3723.3743704182975,9483.500414003303,0.24030944747455885,858.2063507604596,3577.8402481145313,1089.0611496208737,1219.77046744958,1853.9601227033406,743.7780854365585,4.66788029568602,2.5477433539022574,145.53412230376625,6.585102803124134,235.64617220182944,2713.0487945509476,0.16516002002422092,66.59599957028321
46,-11.833944332124151,-11.824517542826728,545.3274822415211,4.03437497218288,3711.510452383471,0.03841178814217444,245.2370484791959,229.7550178740354,1.1999999998208868,0.029039459658673702,-999.0,11493.234478863882,44.30106987973249,3866.2962064535254,9890.943913267109,0.24058764289189324,892.9435513075637,3717.78485567634,1072.5452661167485,1203.269111685934,1856.4503021448777,736.271272366618,4.615626117935067,2.585791254585776,148.51135077718556,6.274403292869212,229.7550178740354,2818.5669010759075,0.16552011455249346,61.95884708789923
47,-11.557304217319333,-11.548961508791113,540.067477822447,3.9987767752547545,3853.5840315659725,0.03773690904802768,254.51323316978036,224.01114242718455,1.1999999998208868,0.028690884496191938,-999.0,11494.140827705703,45.393435416060505,4010.9182221521733,10305.221227882914,0.24085969824320633,928.1730869978186,3859.5585660037395,1056.4051347308728,1187.141837350382,1858.8842854924876,728.9138240960838,4.564149802472068,2.6220058475257035,151.35965614843343,5.974534437767028,224.01114242718455,2925.410944568154,0.16586029805648494,57.636689321827944
48,-11.28015576177316,-11.272772464725687,534.9380949192522,3.962968515879517,3997.360325258965,0.037064081920531435,263.8985399559183,218.4108638665049,1.1999999998208868,0.028350452319924817,-999.0,11494.925783551995,46.484436409024276,4157.12585999465,10725.995517841675,0.2411256718558416,963.8661940779535,4003.045806565849,1040.6423084661164,1171.3903895751623,1861.2632006335782,721.7090467635783,4.513466670343956,2.65642512071893,154.08005342880142,5.685481306883739,218.4108638665049,3033.4941311810117,0.166181908827337,53.60925536864531
49,-11.003090226012533,-10.99655600812552,529.938112873187,3.9270425149763786,4142.722833013823,0.03639512447805952,273.3852622351737,212.95059227252673,1.1999999998303414,0.028018032894365955,-999.0,11495.605598627271,47.57342834464963,4304.8038940900515,11152.9240637201,0.24138561091075503,999.9936818809755,4148.130020511009,1025.2574806404575,1156.0156317127432,1863.5881969460415,714.6592543468146,4.4635922044257175,2.689088705597945,156.67387357904278,5.407187497185675,212.95059227252673,3142.7291511328476,0.166486182056746,49.857408182304546
50,-10.726659858190141,-10.720877075360134,525.0662826569887,3.8910811099152753,4289.554344956356,0.0357316088012972,282.9656523067717,207.62682738286603,1.1999999995310753,0.02769351723171729,-999.0,11496.194350966784,48.65978655642539,4453.836653203795,11585.65853979096,0.24163960356589495,1036.526211389616,4294.693904246638,1010.2505381608987,1141.0176011506517,1865.8604383216414,707.7659807696258,4.414541335174027,2.720037550832406,159.1427489571568,5.139559290283087,207.62682738286603,3253.0281335667396,0.1667742577233998,46.36310902940109
51,-10.451378682984313,-10.446260920179755,520.3212845356809,3.855157843170611,4437.737314095227,0.03507489110999331,292.6319638254951,202.4361567765188,1.1999999998208868,0.027376770314890102,-999.0,11496.704234855868,49.74290674217189,4604.108384179335,12023.846568109246,0.24188772348444457,1073.4341763284679,4442.619783945638,995.6206147318342,1126.3955647685457,1868.0810976843716,701.0301310231754,4.366327970351006,2.7493136398094777,161.48860023369744,4.882469850411609,202.4361567765188,3364.303137766759,0.16704718930939152,43.10937812429244
52,-10.177722871075908,-10.173193650993875,515.701704087509,3.8193384655322067,4587.154085496366,0.034426137301733634,302.37645896700656,197.37525282797372,1.1999999997101887,0.027067628424324655,-999.0,11497.145812575862,50.82220539477826,4755.503463661358,12467.132041645169,0.2421300496475788,1110.6878464623292,4591.789848482483,981.3661429874475,1112.1480730607173,1870.251352574694,694.4520907796308,4.318964690831026,2.776959744893506,163.71361517887578,4.635762986117113,197.37525282797372,3476.466239034037,0.16730595068246726,40.08025192344918
53,-9.90613181713088,-9.90212345735828,511.2060208448486,3.7836817899295525,4737.687183611159,0.03378634501436903,312.19140830299784,192.44087151119965,1.1999999997254867,0.02676600403915552,-999.0,11497.528232585137,51.89712015058167,4907.906668477684,12915.156031582703,0.242366709361698,1148.2576526769271,4742.086440478175,967.4849061201862,1098.27301352581,1872.372381507542,688.0318076187425,4.272462565402806,2.8030192129094735,165.8202279995095,4.399256867016873,192.44087151119965,3589.4295309342315,0.16755144230926525,37.26073858737456
54,-9.637009263320602,-9.633461864921852,506.8326049872291,3.7482404233091997,4889.219706973596,0.03315636279939275,322.0691738803935,187.6298496022801,1.1999999992412638,0.02647168142967234,-999.0,11497.85941859073,52.96711005928074,5061.203555820596,13367.558748473908,0.24259773414219857,1186.1136226351784,4893.392454522232,953.9740880389929,1084.7676623837501,1874.445360904246,681.7688528567085,4.22683104531189,2.8275357773349756,167.81110129836432,4.172747548636247,187.6298496022801,3703.1060843384175,0.167784498956589,34.63677292162983
55,-9.370724007539843,-9.36758455995695,502.57971931704293,3.7130613980593306,5041.635315111614,0.03253690687198962,332.00212429672405,182.9391034329136,1.1999999995310753,0.026184507905108723,-999.0,11498.146233379515,54.03165577936091,5215.2804204281,13823.977878562251,0.2428232634133189,1224.2263401552384,5045.59132707732,940.8303219951841,1071.6287345810745,1876.4714624617554,675.66246997402,4.1820779147786,2.8505533934843315,169.68909335077996,3.9560119657062764,182.9391034329136,3817.4089749563755,0.16800589271060531,32.195170085123024
56,-9.10761158184744,-9.104833170736578,498.445524926476,3.6781867203443808,5194.818808281817,0.031928575817333896,341.98270038660814,178.3656257781675,1.1999999992412638,0.02590442077014769,-999.0,11498.394620767363,55.09025970306462,5370.024865520661,14284.052398288417,0.24304346549067377,1262.5667657609447,5198.567619460916,928.049738242402,1058.8524326716952,1878.451850864711,669.7116137135928,4.138209284128404,2.8721160935987062,171.45724605974468,3.748811179099276,178.3656257781675,3932.2520425208722,0.16821633939119768,29.92358048718604
57,-8.847975809010316,-8.845516915177205,494.42808864151533,3.6436538486409815,5348.65642388052,0.03133186355017032,352.0035143891665,173.90648520665306,1.1999999995558281,0.02563121442083769,-999.0,11498.609728580654,56.142446014966126,5525.326079862634,14747.423929470051,0.24325835980444244,1301.10538883067,5352.207317058181,915.6280094073672,1046.4344932680717,1880.3876817745556,663.9149826870914,4.095229607439421,2.8922678592673483,173.11876280445352,3.550893177660486,173.90648520665306,4047.5510350498503,0.1684165047923328,27.810445308148513
58,-8.59208911425916,-8.589912993216856,490.5253915180489,3.6094961133698873,5503.035601503582,0.03074717077414028,362.05723984074956,169.55882300882908,1.199999999256562,0.02536469154387704,-999.0,11498.796015198392,57.1877606882122,5681.074566428762,15213.733300266122,0.24346803324022992,1339.813254749043,5506.397596554152,903.560393737686,1034.3702312451896,1882.280100049835,658.2710472619134,4.053141718040048,2.911052509001689,174.6769698746101,3.3619950505699028,169.55882300882908,4163.222346754539,0.16860700617009622,25.844952274906877
59,-8.340194627705825,-8.338268760583386,486.7353386333119,3.57574308743614,5657.845452902881,0.030174815160539725,372.13662541696766,165.3198524302362,1.1999999992412638,0.02510475779279723,-999.0,11498.957341847823,58.22577142246815,5837.162601026528,15682.623650219359,0.2436726636261539,1378.6622718939682,5661.027298478537,891.8417779244575,1022.6545834093783,1884.1302381643163,652.7780739561103,4.011946885174498,2.928513599110894,176.13530254799076,3.181845575655495,165.3198524302362,4279.183181008913,0.1687884163255316,24.01699334459522
60,-8.092507852468446,-8.090803460065088,483.05576855524066,3.5424209145019065,5812.977245542953,0.029615040407781238,382.234603924678,161.1868561194803,1.1999999992412638,0.0248513264043246,-999.0,11499.097052555,59.256067527566486,5993.484704725237,16153.74379868787,0.24387235289026982,1417.6244381681597,5815.98741301138,880.4667170574282,1011.2821492023634,1885.9392147981869,647.4341473815166,3.971644874785273,2.944694336319025,177.4972917138567,3.010167468427721,161.1868561194803,4395.352807374793,0.1689612689019643,22.317124031040866
61,-7.8492176815203685,-7.847709294243396,479.4844625861131,3.5095526010070937,5968.324306117792,0.02906802432379615,392.344317643492,157.15718472488572,1.1999999992813148,0.024604041940651147,-999.0,11499.21804339893,60.278259756794654,6149.937518630273,16626.746366528,0.24406707389435175,1456.6714494467067,5971.170985248902,869.4294723050162,1000.2472290440639,1887.7081335849207,642.2371901507252,3.932234015201533,2.959637500773597,178.76653338137132,2.846679131110294,157.15718472488572,4511.652856671085,0.16912606156415574,20.736523991670193
62,-7.610487310126662,-7.609152387386541,476.01915404187645,3.477158277437567,6123.781789997677,0.028533886059792107,402.4588501219251,153.22825500783472,1.199999998797092,0.02436306997740183,-999.0,11499.32282249836,61.29198009368123,6306.419542901937,17101.284709204654,0.24425716019426358,1495.7775496741767,6126.472886219527,858.7240472074708,989.5438612123081,1889.438081999328,637.1849811037862,3.893711270397348,2.9733853782794344,179.9466566824101,2.6910962218495773,153.22825500783472,4628.0042403235,0.16928325444551198,19.26695879526611
63,-7.37645738432914,-7.375275977704134,472.65753747923117,3.445255433512526,6279.248107575424,0.028012692605068296,412.5717727221569,149.39754862770818,1.199999998772339,0.024127923930701074,-999.0,11499.413561969866,62.29688149604908,6462.832583929553,17577.02535630914,0.24444243048726624,1534.9146690483037,6281.791241397915,848.3442227255741,979.1658574106353,1891.130130374823,632.2751722050529,3.8560723196960636,2.9859797007583877,181.0413425316378,2.5431338224907667,149.39754862770818,4744.33343852712,0.16943328135808147,17.900745015381005
64,-7.147244917749453,-7.146199372886322,469.3972763262252,3.4138591295769714,6434.6231784890315,0.027504464609566646,422.67646509175404,145.66260992460144,1.1999999988371428,0.023898745033484037,-999.0,11499.492142930712,63.292637601000465,6619.079935286712,18053.631047888503,0.2446232585035845,1574.0584891646788,6437.025685458725,838.2835879951743,969.1068339822336,1892.785331040407,627.5053043669701,3.819311626229891,2.997461594077241,182.05424982798604,2.4025069696939383,145.66260992460144,4860.564689324353,0.1695765415889585,16.630714762668266
65,-6.9229472993766965,-6.922021992172826,466.2360117220515,3.3829821892884184,6589.810678117594,0.027009181643580682,432.7667912109871,142.02104466421508,1.199999998772339,0.02367529153223288,-999.0,11499.560194476675,64.27894239438568,6775.0686713070645,18530.781043291077,0.2447995839657628,1613.1829124163282,6592.079610915999,828.5355725590731,959.3602445484007,1894.4047175696842,622.87282201075,3.7834225250386373,3.0078715324647343,182.98906039106532,2.2689327984049013,142.02104466421508,4976.627765701265,0.16971341215505192,15.450184327110371
66,-6.703641588284901,-6.702822691409475,463.17136904770393,3.3526353740171415,6744.716416656233,0.0265267869246221,442.8366933341086,138.47051841492078,1.199999998053654,0.023457316340052388,-999.0,11499.619127440863,65.25550984818442,6930.707960895203,19008.15546033459,0.24497147182917178,1652.263107658655,6746.858547579754,819.0934731327546,949.9194071340897,1895.9893041329015,618.3750869295822,3.748397290901113,3.0172492988853263,183.84941331544917,2.142130923520584,138.47051841492078,5092.4533089975785,0.16984424367304862,14.352922728289933
67,-6.489386661318579,-6.488661937583827,460.2009653808099,3.322827542923837,6899.2490305026995,0.026057191596831307,452.8801745608544,135.00875544733807,1.199999998013603,0.02324504653601283,-999.0,11499.670163631874,66.2220735290999,7085.909763519379,19485.441256066246,0.24513920166201278,1691.2763994048473,6901.270855173498,809.9504813320387,940.7775322140004,1897.5400849469813,614.0093910058974,3.7142272217593195,3.0256339507636216,184.63890834588207,2.0218246707982,135.00875544733807,5207.972631097852,0.16996936226727324,13.333122688776237
68,-6.280225094572809,-6.279583714067553,457.3224158337092,3.293565799809022,7053.320868273511,0.025600278599305082,462.89186555845816,131.6335365611546,1.199999998013603,0.023037703505474363,-999.0,11499.714361156297,67.17838618153098,7240.589724552492,19962.340204318796,0.24530241379363082,1730.1966342484802,7055.228610380683,801.0997084715387,931.9277477928549,1899.0580338153793,609.7729682516785,3.680902714291799,3.033063790567627,185.36111417180945,1.9077421071714082,131.6335365611546,5323.124234025031,0.1700890781831154,12.385373725640955
69,-6.0761821466548485,-6.075614524907698,454.53333901893063,3.264855627889021,7206.845532980634,0.02515590615946233,472.86581700003336,128.34269793704402,1.199999996785942,0.022835880832170457,-999.0,11499.752636349696,68.12421928794862,7394.664638760847,20438.545438490608,0.24546184585188618,1769.0056072948469,7208.645149027485,792.5342077969987,923.3631218871436,1900.5441037529,605.6630060239249,3.648413333677663,3.039576340798662,186.0194897333623,1.7996160468508684,128.34269793704402,5437.8399256857865,0.1702036726921418,11.504635136389949
70,-5.8772711746807555,-5.876768829434527,451.8313635284183,3.236701015663232,7359.742492146033,0.02472391097691714,482.79716415038104,125.13413069344762,1.199999998013603,0.02263909562062554,-999.0,11499.785782770112,69.059362609561,7548.057171610333,20913.784732448556,0.24561708915995661,1807.6785278877535,7361.439678050758,784.2469981043433,915.0766863649018,1901.999226689569,601.6766553598053,3.6167478990624224,3.045208322975921,186.61749355957485,1.6971859047239461,125.13413069344762,5552.06396425828,0.1703134192884756,10.686213121169429
71,-5.683489966069832,-5.68304539052692,449.2141311063841,3.2091045715216486,7511.932101351826,0.0243041110762683,492.6808197073235,122.00577722640246,1.199999996785942,0.022447157988955833,-999.0,11499.814487647387,69.98362371000806,7700.6907413078425,21387.77338610232,0.24576820559431323,1846.1940730955569,7513.532298167106,776.2310799719364,907.0614533733108,1903.4243132472866,597.8110408694296,3.585894533915809,3.0499956402931034,187.1584431407367,1.600196815280788,122.00577722640246,5665.738028256269,0.17041856945175562,9.925736720283453
72,-5.494824531891999,-5.494431082536522,446.67930269002153,3.182067632236124,7663.337994530634,0.02389630842205456,502.5118141098452,118.9556327957424,1.199999996785942,0.02226003742815783,-999.0,11499.839346129002,70.89682746468156,7852.491965192691,21860.236672237344,0.24591540449874125,1884.5328627355734,7664.846395310741,768.4794569958456,899.310436746842,1904.820252586057,594.063269431043,3.5558407528834652,3.053973363573817,187.64556988194985,1.508400780106784,118.9556327957424,5778.805131795061,0.17051935817683644,9.219136661402485
73,-5.311250060481409,-5.310901857801811,444.2245620871605,3.1555903636470055,7813.887674471706,0.023500291281814745,512.2855002417313,115.98174166866778,1.199999994799545,0.022077716768783454,-999.0,11499.860873617496,71.79881555812278,8003.3912572891,22330.9154662673,0.24605878331239858,1922.6756941202557,7815.309231500477,760.9851518514212,891.8166682218332,1906.1879123113088,590.4304386648764,3.52657352374722,3.0571757202903744,188.08202578862338,1.4215570287702917,115.98174166866778,5891.211980351451,0.1706160072202893,8.562625297320631
74,-5.132731798519819,-5.132423639148375,441.84761937347747,3.1296718544546844,7963.511924213821,0.023115836363095343,521.9975804392515,113.08219812695108,1.199999994799545,0.021900249491727808,-999.0,11499.87951645509,72.68944597180595,8153.322218604085,22799.560744277456,0.2461982426773236,1960.6026412813544,7964.851356383243,753.7412210542561,884.5732123328509,1907.5281384406696,586.9096446266781,3.4980793282110296,3.05963608637429,188.4708622208415,1.3394321694221545,113.08219812695108,6002.909282932466,0.17070872616425944,7.95267765712561
75,-4.95922513448327,-4.958952413439542,439.5462140185027,3.104310203886883,8112.143983769549,0.022742710747016677,531.6442149460161,110.2551431737773,1.199999994799545,0.021727119395445086,-999.0,11499.895661176868,73.56859246447446,8302.220789959028,23265.925830295168,0.2463332735489133,1998.2909830220756,8113.405783975121,746.7407685194501,877.5731800917865,1908.8417554246435,583.4979888077363,3.4703442213163838,3.0613869805763,188.81500598390647,1.2618002055724304,110.2551431737773,6113.853000747473,0.1707977141295351,7.386013728728774
76,-4.790675733534234,-4.790434375410535,437.31811822073746,3.079502604468354,8259.71797933668,0.022380673646588613,541.2212232501821,107.49876338836647,1.1999999863850317,0.02155866351075307,-999.0,11499.90964252424,74.43614404705693,8450.023643294828,23729.75145864137,0.2464639616553386,2035.7228153431463,8260.90642182829,739.9769590070615,870.8097425393594,1910.1295662162568,580.1925845129359,3.4433538950274314,3.0624600611590647,189.11722146653923,1.1884424916105476,107.49876338836647,6223.995163993533,0.17088315330444315,6.859581537202896
77,-4.627023363522211,-4.626809761582737,435.1611403373584,3.0552454208121307,8406.17196785442,0.022029478012088644,550.7252706601118,104.81129547957204,1.199999994799545,0.02139478068564938,-999.0,11499.9217503848,75.29200445405392,8596.671297621258,24190.795015528875,0.2465895840854088,2072.874449303644,8407.291116293158,733.4430313835833,864.276144100447,1911.3923523852516,576.9905627966264,3.4170937445095246,3.062886124741797,189.38018132810106,1.1191484387388222,104.81129547957204,6333.297518550776,0.17096522066871633,6.3705421054028655
78,-4.468198403782785,-4.468009366066351,433.0731259936319,3.0315342622425665,8551.444182466872,0.021688871960235372,560.153269763302,102.19101198346964,1.1999999866595452,0.02123555761116407,-999.0,11499.932235802344,76.13609161315284,8742.104277595921,24648.794795237867,0.24670915151985343,2109.7195385257887,8552.497897256117,727.1323066651951,857.9657107103997,1912.6308742736587,573.8890780703092,3.39154890735523,3.0626951071435555,189.60638033980388,1.0537147892451773,102.19101198346964,6441.724643941083,0.1710440829518779,5.916254652134549
79,-4.314125440061295,-4.31395814168225,431.0519618062167,3.00836405333874,8695.472454639905,0.021358600094712837,569.5026577277005,99.63623664741422,1.1999999863850317,0.02108114184937941,-999.0,11499.941316181661,76.96833711469876,8886.262528274074,25103.464531268954,0.2468210120332947,2146.2253113618585,8696.464400596036,721.0382008226109,851.871862693397,1913.845871190401,570.8853128557585,3.3667043354490347,3.061916086021031,189.79812767803776,0.9919459561319306,99.63623664741422,6549.247143278046,0.17111989956374757,5.494263100500713
80,-4.164721294585438,-4.164573235519984,429.09557679117165,2.985729099922739,8838.191913664596,0.02103840468917606,578.7715061574885,97.14533140482878,1.1999999915854869,0.0209321536069404,-999.0,11499.949179795942,77.78868568252385,9029.083070924169,25554.4713278783,0.24692256373901855,2182.3490061395246,8839.125567305879,715.1542326828655,845.9881227292915,1915.0380616388798,567.97648252522,3.3425448393899355,3.0605772852039737,189.9575036182912,0.9336536412833754,97.14533140482878,6655.8429075250715,0.17119282378359932,5.102283396769909
81,-4.019895223682916,-4.019764191409989,427.20194529706396,2.9636231530259143,8979.53178939199,0.020728026775836978,587.9592794769051,94.71669746294813,1.1999999863850317,0.020789653803939125,-999.0,11499.955989690256,78.59709464751678,9170.496748201043,26001.40480509648,0.24700908729983706,2218.0259516775877,8980.410446056607,709.4740345178554,840.3081264997224,1916.208143577411,565.1598394395692,3.3190551521592977,3.058706080571943,190.08630214443716,0.8786566646168641,94.71669746294813,6761.505837714401,0.1712630086882846,4.738191798469772
82,-3.8795478991070014,-3.879431935545461,425.36908983724544,2.942039471047507,9119.40737511796,0.020427207148115533,597.0676102132135,92.34878011486741,1.199999987103717,0.020654040548128815,-999.0,11499.961887061989,79.39353342519684,9310.42003425943,26443.69928174936,0.2470722625918087,2253.1526136668217,9120.234155583648,703.9913623633506,834.8256330580831,1917.3567947082465,562.4326769965074,3.296219992207388,3.056329007383292,190.1858786757823,0.826780465687557,92.34878011486741,6866.254761451139,0.17133061226148952,4.400013872130252
83,-3.743566776875947,-3.7434641491239837,423.5950846042936,2.920970881261291,9257.706577468904,0.02013568729845622,606.0993638910747,90.0400595155241,1.199999977970519,0.020529512141794045,-999.0,11499.966994188353,80.17798299844571,9448.741334513112,26880.50305721429,0.247100497124248,2287.5838975229867,9258.484433637357,698.7001077273618,829.5345365829802,1918.48467279451,559.7923335813285,3.2740241356053184,3.0534717689748976,190.25690087575396,0.7778561684534541,90.0400595155241,6970.122679945916,0.1713957895310566,4.085913887196965
84,-3.611826772212398,-3.6117359466519106,421.8780618892604,2.900409844501106,9394.280674059986,0.01985321034794628,615.0648745495967,87.78905643397562,1.1999999643555506,0.02041861524024562,-999.0,11499.971416961618,80.95043540644326,9585.311602112162,27310.587737869402,0.2470707739839581,2321.0521971625403,9395.012394624819,693.5943156148742,824.4288844428766,1919.5924160043223,557.2361966144333,3.252452525362955,3.0501592467820573,190.2992074873427,0.7317205648329148,87.78905643397562,7073.228476897446,0.17145873566347244,3.794186139250705
85,-3.484176353516446,-3.484095972895415,420.2162176687261,2.8803485217061704,9528.897182352579,0.019579521951328012,623.9797096322712,85.59433002312629,1.199999964355551,0.02032866628470278,-999.0,11499.97524708464,81.71089324075061,9719.896319045863,27731.889939147208,0.24694840566192708,2353.1459668983985,9529.585395702472,688.6682016320422,819.5028943356044,1920.6806432827566,554.7617074184651,3.231490371559869,3.0464155117250336,190.3109233433908,0.6882133498931957,85.59433002312629,7175.75121545418,0.17151966518037187,3.5232452077248864
86,-3.360430484277435,-3.3603593474278224,418.6078258716923,2.8607788532564724,9661.201173250214,0.019314371327485026,632.8729568332157,83.45447177254806,1.1999999643555503,0.020272024955751825,-999.0,11499.978563972207,82.45936914938797,9852.13616565958,28141.133524659028,0.24667488992455996,2383.1757359505264,9661.848349387086,683.9161880565969,814.7509903900296,1921.7499547573182,552.3663665260109,3.2111233624874136,3.042263836974562,190.28781627249364,0.6471761368724455,83.45447177254806,7278.025437299688,0.17157886343169176,3.2716184622340596
87,-3.240349962599956,-3.2402870064880487,417.05125594061303,2.841692654006939,9790.623351165084,0.019057512450015322,641.7966530584022,81.36810758823798,1.1999999423260692,0.020266480713224542,-999.0,11499.981436397613,83.19588534966132,9981.453473955173,28532.93661472854,0.2461512069877097,2409.9737550513405,9791.231800106023,679.3329495346691,810.1678488905372,1922.8009321799836,550.0477415570517,3.1913379209256596,3.0377267123816094,190.2216738491494,0.6084489409391273,81.36810758823798,7380.649596113744,0.17163673741252505,3.037938735740161
88,-3.1236078997613252,-3.1235521836022873,415.54500223782287,2.823081737611816,9916.221936721775,0.018808705573480144,650.836617299883,79.33390489853203,1.1999999423260692,0.02034534811725713,-999.0,11499.983923918593,83.92047315040571,10106.891345075086,28898.28251688776,0.24521549801853615,2431.611300675563,9916.793801502414,674.9134869561094,805.7484721768328,1923.8341394237355,547.8034779865384,3.172121615536086,3.0328258609222427,190.097543572672,0.5718647806390256,79.33390489853203,7484.610636046212,0.1716938670555121,2.820937251753318
89,-3.009739528991564,-3.0096902201908153,414.0877323771847,2.8049380914479625,10036.44063557829,0.018567719364579544,660.1418108633359,77.35055727606871,1.1999999423260692,0.011819745291368979,-999.0,11499.986078112197,84.63317248422995,10226.867483496211,29222.20334677487,0.24359422726055752,2444.8190010701524,10036.97787808391,670.6532470491791,801.4883082602994,1924.8501230537413,545.6313152431585,3.1534638214639688,3.027582257839482,189.88960541230148,0.5372425056190332,77.35055727606871,7591.6216345081375,0.17175115963444113,2.61943841140293
90,-2.8980510281623735,-2.898007389873711,412.67836337466485,2.787254132734643,10148.656347778557,0.018334334017053384,654.5664600191271,75.41678396046942,1.1999998490076886,0.022014810277749496,-999.0,11499.987943644184,85.33403145027054,10338.714159937856,29479.513859587856,0.25827556470748825,2621.149949244742,10149.160721222715,666.5483104302599,797.3834388928815,1925.849413010388,543.5291118944613,3.1353567496967303,3.022016153679694,189.55343871514012,0.5043734441588511,75.41678396046942,7527.506398533815,0.1717170128214438,2.431037722210929
91,-2.812210528674327,-2.8121719087888604,411.31618936008255,2.7700231040622643,10339.339336452053,0.01810834607301143,666.8650080175242,73.53137001591556,1.1999999066816196,0.021168361237951367,-999.0,11499.98955919513,86.02310586788933,10530.50659208414,30513.107885171747,0.2582755648074411,2670.398706857947,10339.816534390553,662.5957040088709,793.4308919890713,1926.8325234676106,541.4948851844885,3.1177971588753337,3.016147103156068,190.69005769358785,0.47719793850096404,73.53137001591556,7668.940629594105,0.1717916336038682,2.2576168205373333
92,-2.7234853390636826,-2.723451160465045,409.985251454263,2.7532190787481037,10510.042838576544,0.017889308097574833,677.8749319530458,71.69308025242123,1.1999998490076886,0.020548550661156493,-999.0,11499.990958262431,86.7004588416816,10701.94379727623,31369.678609404804,0.258275564807441,2714.4872502837575,10510.493427443826,658.7601741006954,789.5954147539528,1927.7999539667285,539.526875189648,3.100583969963986,3.009994003178723,191.45036983240442,0.4505888672806006,71.69308025242123,7795.555588292787,0.17185630832003168,2.0964453350859378
93,-2.6338876912873754,-2.633857443227581,408.6897420034865,2.73682545444762,10666.04780741806,0.017676904020745315,687.9368421583874,69.90075324611071,1.1999998490076889,0.0200848960459002,-999.0,11499.992169854851,87.3661603380975,10858.415853468116,32095.917773486235,0.25827556363717286,2754.779509241931,10666.472678609021,655.0456550894247,785.8809423583376,1928.7521909977095,537.6196008932056,3.083775229617008,3.0035746300679573,191.9431748590952,0.42487119096270626,69.90075324611071,7911.268298176128,0.17191373762567486,1.9466975455147149
94,-2.5447361689456036,-2.5447093994126857,407.43155739855604,2.7208308033969497,10811.082319626463,0.01747089181528431,697.2911874444522,68.15322593502444,1.1999997556893083,0.019730061155671712,-999.0,11499.993219093993,88.02028677392025,11003.727480046646,32726.216032275544,0.258275564807441,2792.238392281264,10811.48254767788,651.4533369070906,782.2886654308586,1929.6896819706396,535.7697662012982,3.067399685324912,2.996905900677449,192.244932368766,0.40022805141789713,68.15322593502444,8018.843927345199,0.17196575182784035,1.807589000451719
95,-2.4568919220582535,-2.456868231021621,406.21121880608547,2.7052264174457585,10947.789841083437,0.017271069928365537,706.1084680817717,66.44938190884957,1.199999604696997,0.0194517630433263,-999.0,11499.994127735165,88.66292061678958,11140.57626483854,33285.69526630471,0.258275564807441,2827.5466045989897,10948.166593126225,647.982611090198,778.8179761245128,1930.6128505674405,533.9752295001138,3.051468332938589,2.9900040232454366,192.40967171231577,0.37675204278758223,66.44938190884957,8120.243236484447,0.1720136114972345,1.6783802652204183
96,-2.370901799543459,-2.3708808329760394,405.028436338032,2.6900048840586654,11078.050565515481,0.017077258011972362,714.5099517986537,64.78809210860388,1.199998965083302,0.019227747082964288,-999.0,11499.994914618479,89.29414999790782,11270.880782036842,33792.60322079522,0.2582755635989943,2861.189753386668,11078.405042899818,644.6316946662233,775.4670920123722,1931.5221048579938,532.2344177543738,3.0359815304379505,2.9828845831004447,192.475739137024,0.354477384337255,64.78809210860388,8216.860812128813,0.1720581967838864,1.5583777387814663
97,-2.287104818586914,-2.2870862631747477,403.88245995567115,2.6751592933495227,11203.204841933062,0.016889286297714592,722.5820854037962,63.168253370454295,1.1999973451824408,0.019042550447582133,-999.0,11499.995596059473,89.91406833701869,11396.00869704126,34260.14304278071,0.25827556336091,2893.5140419979366,11203.538243505684,641.3980588239655,772.2334847660873,1932.417841303064,530.5460037574475,3.0209334529905543,2.9755625906244,192.47045353557527,0.3334015726218107,63.168253370454295,8309.690799935126,0.17210013011814077,1.4469328673815114
98,-2.2056373841884738,-2.2056209626487067,402.77229039100115,2.6606828182881537,11324.209894404894,0.016706990020499753,730.3866079970919,61.58832253675924,1.1999885225979428,0.018895070384134693,-999.0,11499.996186187405,90.52277397970562,11516.936736927635,34697.84207532127,0.25827556317558725,2924.7666879959816,11324.523389797057,638.278712371992,769.11416362155,1933.3004464921082,528.9087385966133,3.006314790449084,2.968052508192528,192.413347130577,0.3134953921637812,61.58832253675924,8399.443206408912,0.1721398573925598,1.3434404889761828
99,10.493537019468153,10.493551552530848,0.0,2.6465685666707413,11442.045125065526,0.016530207420291508,737.9866881509664,0.044450619344659846,0.013259781206593251,0.0,0.0,11499.99669723822,91.12036984701648,11634.363570499763,35112.56220703637,0.2582755631901702,2955.20064872364,11442.045127476318,635.270478078227,766.1059517248659,1934.1702977057962,527.3213720419292,2.992114913643485,2.960368265944919,192.3184430234444,2.4107928540068144e-06,0.044450619344659846,8486.844476341887,0.17217779643842326,1.247337409274622
